file_name,slice_num,ssim,psnr,nmse
file_brain_AXT2_200_2000078.h5,0,0.9428055259171286,35.630859375,0.006224402226507664
file_brain_AXT2_200_2000078.h5,1,0.9482861538164121,36.28125,0.0054169874638319016
file_brain_AXT2_200_2000078.h5,2,0.9484663474954794,36.32786560058594,0.004525391384959221
file_brain_AXT2_200_2000078.h5,3,0.9514720603917958,36.70842742919922,0.0038601148407906294
file_brain_AXT2_200_2000078.h5,4,0.956541487749257,37.029205322265625,0.003706463146954775
file_brain_AXT2_200_2000078.h5,5,0.9586092953681798,37.18482971191406,0.003615024033933878
file_brain_AXT2_200_2000078.h5,6,0.9598555114391737,37.02973175048828,0.0032245961483567953
file_brain_AXT2_200_2000078.h5,7,0.9580287430019784,37.10191345214844,0.0031618012581020594
